{
  "group": [
    {
      "name": "Guanyu Li",
      "sfu_email": "gla91",
      "contribution": {
        "score": 20,
        "comment": "Guanyu consistently contributed to various components like the Cry Detection Algorithm and Alarm, showing strong technical skills and effective communication。"
      }
    },
    {
      "name": "Matt Ng",
      "sfu_email": "myn3",
      "contribution": {
        "score": 20,
        "comment": "Matt provided a balanced contribution in areas like LED Matrices and Buttons/LED, communicated well within the team."
      }
    },
    {
      "name": "Xin Wei",
      "sfu_email": "xwa202",
      "contribution": {
        "score": 20,
        "comment": "Xin demonstrated exceptional involvement across the project, especially in Microphone Receive and NFS Files/USB Port, with good communication skills."
      }
    },
    {
      "name": "LI-YU WU",
      "sfu_email": "lwa120",
      "contribution": {
        "score": 20,
        "comment": "Li-Yu contributed fairly, particularly in Time Update and JoyStick, maintaining good communication."
      }
    }
  ],
  "confidential_comments": ""
}