{
  "group": [
    {
      "name": "Matt Yushen Ng",
      "sfu_email": "myn3",
      "contribution": {
        "score": 20,
        "comment": "I have been trying my best to be an asset to the group. I applied my knowledge of electronics to assist with project wire layout or pin access. I provided additional materials for the project without delay. However, I greatly depended on my partner for coding tasks such as machine learning model development and system code integration tasks. During midterm periods, I could not respond to the team as quickly as my teammates did. Therefore, I should keep working on my technical and time management skills.\n"
      }
    },
    {
      "name": "Guanyu Li",
      "sfu_email": "gla91",
      "contribution": {
        "score": 20,
        "comment": "Guanyu is the brain behind the machine learning model design. He contributed one of the key features to the project. His skills in coding are indispensable to the project. He played a significant role in everything from C++ to C implementation to the Beagle Bone Green Board coding integration. Even under great pressure from his other courses, he was still able to work on his part and provide constant feedback. I hope he can keep up the good work in future."
      }
    },
    {
      "name": "Li-Yu Wu",
      "sfu_email": "lwa120",
      "contribution": {
        "score": 20,
        "comment": "Li-Yu contributed to the original design of the clock system for the project. It is based on her idea that the group could enhance the alarm function further. She can apply the knowledge from assignments such as a joystick, LED matrices, etc., to the project. It shows her understanding of the Beagle Bone Green and ENSC 351 assignments. Although once our group was facing impossible odds and had to try another way, she did not give up at the last minute and looked for solutions. She prioritized action instead of chatting. Although we might not get her feedback immediately, she was likely working on the problem and would return to us later.  I hope she can keep up the excellent work and provide a bit more transparency to her future teammates if possible."
      }
    },
    {
      "name": "Xin Wei",
      "sfu_email": "xwa202",
      "contribution": {
        "score": 20,
        "comment": "Xin was the leading force in the project process. He came up with the original idea for the project. He organized the project calendar and made major project change decisions during development. He assisted both Guanyu and Li-Yu's tasks with his expertise in electrical engineering, such as implementing microphones, bottoms, and joystick pins to the Beagle Bone Green. His ability to organize the project speaks for his communication skills. I hope he can keep up the good work in the future. "
      }
    }
  ],
  "confidential_comments": ""
}