{
  "group": [
    {
      "name": "Xin Wei",
      "sfu_email": "xwa202",
      "contribution": {
        "score": 20,
        "comment": "Focus on hardware setting and control."
      }
    },
    {
      "name": "Matt Ng",
      "sfu_email": "myn3",
      "contribution": {
        "score": 20,
        "comment": "Focus on microphone detecting and writing report."
      }
    },
    {
      "name": "Li-Yu Wu",
      "sfu_email": "lwa120",
      "contribution": {
        "score": 20,
        "comment": "Focus on bottom functionality and display current time."
      }
    },
    {
      "name": "Guanyu Li",
      "sfu_email": "gla91",
      "contribution": {
        "score": 20,
        "comment": "Focus on baby cry detection and mode shift."
      }
    }
  ],
  "confidential_comments": ""
}